Date,Politician,"Last Name",Chamber,Symbol,Name,"Trans Total<sup>*</sup>",Trans,Notes
2021-01-29,Marie,Newman,"US Congressman",MRNA,"Moderna Inc",81002,Sell,"By Spouse. Traded $32,004 to $130,000 ."
2021-01-29,Marie,Newman,"US Congressman",AAPL,"Apple Inc",65001,Buy,"By Spouse. Traded $30,002 to $100,000 ."
2021-01-29,Thomas,Suozzi,"US Congressman",BA,"Boeing Company",32500,Sell,"Traded $15,001 to $50,000 "
2021-01-29,Marie,Newman,"US Congressman",BA,"Boeing Company",32500,Sell,"By Spouse. Traded $15,001 To $50,000 "
2021-01-29,Deborah,Dingell,"US Congressman",PARA,"Paramount Glob",32500,Sell,"Traded $15,001 to $50,000 "
2021-01-29,Marie,Newman,"US Congressman",TWTR,"Twitter Inc",16001,Sell,"By Spouse. Traded $2,002 to $30,000 ."
2021-01-29,Marie,Newman,"US Congressman",CHWY,"Chewy Inc",16001,Sell,"By Spouse. Traded $2,002 to $30,000 ."
2021-01-29,Diana,Harshbarger,"US Congressman",TMUS,"T-Mobile US",8000,Buy,"Traded $1,001 to $15,000 "
2021-01-29,Tomasz,Malinowski,"US Congressman",QUMU,"Qumu Corp",8000,Buy,"Traded $1,001 to $15,000 ."
2021-01-28,James,Langevin,"US Congressman",PYPL,"Paypal Holding",175000,Buy,"Traded $100,001 to $250,000 "
2021-01-28,Peter,Meijer,"US Congressman",WEC,"Wisconsin Ener",24002,Sell,"Traded $3,003 to $45,000 ."
2021-01-28,Peter,Meijer,"US Congressman",V,"Visa Inc",24002,Sell,"Traded $3,003 to $45,000 ."
2021-01-28,Peter,Meijer,"US Congressman",WMT,"Walmart Inc",16001,Sell,"Traded $2,002 to $30,000 ."
2021-01-28,Peter,Meijer,"US Congressman",MCO,"Moody's Corp",16001,Sell,"Traded $2,002 to $30,000 ."
2021-01-28,Peter,Meijer,"US Congressman",MRK,"Merck & Compan",16001,Sell,"Traded $2,002 to $30,000 ."
2021-01-28,Diana,Harshbarger,"US Congressman",TMUS,"T-Mobile US",16000,Buy,"Traded $2,001 To $30,000 "
2021-01-28,Peter,Meijer,"US Congressman",BABAF,"Alibaba Group ",8000,Sell,"Traded $1,001 to $15,000 ."
2021-01-28,Peter,Meijer,"US Congressman",VRTX,"Vertex Pharmac",8000,Sell,"Traded $1,001 to $15,000 ."
2021-01-28,Peter,Meijer,"US Congressman",KHC,"Kraft Heinz Co",8000,Sell,"Traded $1,001 to $15,000 "
2021-01-28,Peter,Meijer,"US Congressman",TSLA,"Tesla Inc",8000,Sell,"Traded $1,001 to $15,000 "
2021-01-28,Peter,Meijer,"US Congressman",RTX,"Rtx Corp",8000,Sell,"Traded $1,001 to $15,000 ."
2021-01-28,Peter,Meijer,"US Congressman",PG,"Procter & Gamb",8000,Sell,"Traded $1,001 to $15,000 "
2021-01-28,Peter,Meijer,"US Congressman",NOC,"Northrop Grumm",8000,Sell,"As ADR/ADS But Shown As Ord Equivalent. Traded $1,001 To $15,000 "
2021-01-28,Peter,Meijer,"US Congressman",MSFT,"Microsoft Corp",8000,Sell,"Traded $1,001 to $15,000 "
2021-01-28,Peter,Meijer,"US Congressman",MA,"Mastercard Inc",8000,Sell,"Traded $1,001 to $15,000 ."
2021-01-28,Peter,Meijer,"US Congressman",HUM,"Humana Inc",8000,Sell,"Traded $1,001 to $15,000 "
2021-01-28,Peter,Meijer,"US Congressman",META,"Meta Platforms",8000,Sell,"Traded $1,001 to $15,000 "
2021-01-28,Peter,Meijer,"US Congressman",EW,"Edwards Lifesc",8000,Sell,"Traded $1,001 to $15,000 "
2021-01-28,Peter,Meijer,"US Congressman",KO,"Coca-Cola Comp",8000,Sell,"Traded $1,001 to $15,000 "
2021-01-28,Peter,Meijer,"US Congressman",CMS,"Cms Energy Cor",8000,Sell,"Traded $1,001 to $15,000 "
2021-01-28,Peter,Meijer,"US Congressman",CLX,"Clorox Company",8000,Sell,"Traded $1,001 to $15,000 "
2021-01-28,Peter,Meijer,"US Congressman",ATO,"Atmos Energy C",8000,Sell,"Traded $1,001 to $15,000 "
2021-01-28,Peter,Meijer,"US Congressman",AMZN,"Amazon.com Inc",8000,Sell,"Traded $1,001 to $15,000 ."
2021-01-28,Peter,Meijer,"US Congressman",GOOGL,"Alphabet Cl A",8000,Sell,"Traded $1,001 to $15,000 "
2021-01-28,Peter,Meijer,"US Congressman",APD,"Air Products a",8000,Sell,"Traded $1,001 to $15,000 "
2021-01-28,Peter,Meijer,"US Congressman",ADBE,"Adobe Systems ",8000,Sell,"Traded $1,001 to $15,000 ."
2021-01-28,Lois,Frankel,"US Congressman",PPG,"PPG Industries",8000,Sell,"Traded $1,001 to $15,000 "
2021-01-28,Patrick,Toomey,"US Senator",GME,"Gamestop Corp",8000,Sell,"By Minor Child. Traded $1,001 To $15,000 "
2021-01-28,Susie,Lee,"US Congressman",GO,"Grocery Outlet",8000,Sell,"Traded $1,001 to $15,000 "
2021-01-28,Susie,Lee,"US Congressman",FTNT,"Fortinet Inc",8000,Sell,"Traded $1,001 to $15,000 "
2021-01-28,Susie,Lee,"US Congressman",DELL,"Dell Technolog",8000,Sell,"Traded $1,001 to $15,000 "
2021-01-28,James,Langevin,"US Congressman",PYPL,"Paypal Holding",8000,Sell,"Sale Of Call Options With Strike Price $247.50 And Expiry 5-February-2021. Traded $1,001 To $50,000, As We Don't Have A Price We Have Stated An Amount Of 1 And Valued At The Midpoint."
2021-01-28,John,Yarmuth,"US Congressman",V,"Visa Inc",8000,Sell,"Traded $1,001 to $15,000 "
2021-01-28,John,Yarmuth,"US Congressman",MA,"Mastercard Inc",8000,Sell,"Traded $1,001 to $15,000 ."
2021-01-28,John,Yarmuth,"US Congressman",COST,"Costco Wholesa",8000,Sell,"Traded $1,001 to $15,000 "
2021-01-28,Lois,Frankel,"US Congressman",CL,Colgate-Palmol,8000,Buy,"Traded $1,001 to $15,000 "
2021-01-28,Susie,Lee,"US Congressman",Z,"Zillow Group C",8000,Buy,"Traded $1,001 to $15,000 "
2021-01-28,Susie,Lee,"US Congressman",AZEK,"The Azek Compa",8000,Buy,"Traded $1,001 to $15,000 "
2021-01-28,Susie,Lee,"US Congressman",MAT,"Mattel Inc",8000,Buy,"Traded $1,001 to $15,000 "
2021-01-28,Susie,Lee,"US Congressman",MKTX,"Marketaxess Ho",8000,Buy,"Traded $1,001 to $15,000 ."
2021-01-28,Susie,Lee,"US Congressman",DLTR,"Dollar Tree In",8000,Buy,"Traded $1,001 to $15,000 "
2021-01-28,Susie,Lee,"US Congressman",CRWD,"Crowdstrike Ho",8000,Buy,"Traded $1,001 to $15,000 "
2021-01-28,John,Yarmuth,"US Congressman",CTAS,"Cintas Corp",8000,Buy,"Traded $1,001 to $15,000 "
2021-01-27,Earl,Blumenauer,"US Congressman",PARA,"Paramount Glob",32500,Sell,"By Spouse. Traded $15,001 To $50,000 ."
2021-01-27,Thomas,Carper,"US Senator",DD,"Dupont Denemou",32500,Sell,"By Spouse. Traded $15,001 To $50,000 "
2021-01-27,Alan,Lowenthal,"US Congressman",IFF,"International ",32500,Buy,"By Spouse. Traded $15,001 To $50,000 "
2021-01-27,Diana,Harshbarger,"US Congressman",CTXS,"Citrix Systems",32000,Buy,"By Director And Spouse. Traded $4,001 To $60,000 ."
2021-01-27,Diana,Harshbarger,"US Congressman",ICE,Intercontinent,32000,Buy,"By Director And Spouse. Traded $4,001 To $60,000 ."
2021-01-27,Diana,Harshbarger,"US Congressman",RHI,"Robert Half In",32000,Buy,"By Director And Spouse. Traded $4,001 To $60,000 ."
2021-01-27,Ronald,Wyden,"US Senator",AAPL,"Apple Inc",24002,Buy,"By Dependent Children. Traded $3,003 To $45,000 ."
2021-01-27,Ronald,Wyden,"US Senator",DIS,"Walt Disney Co",24002,Buy,"By Dependent Children. Traded $3,003 To $45,000 ."
2021-01-27,Ronald,Wyden,"US Senator",KLAC,"K L A-Tencor C",24002,Buy,"By Dependent Children. Traded $3,003 To $45,000 ."
2021-01-27,Diana,Harshbarger,"US Congressman",AZO,Autozone,24000,Buy,"By Director And Spouse. Traded $3,001 To $45,000 ."
2021-01-27,Diana,Harshbarger,"US Congressman",JPM,"JP Morgan Chas",24000,Buy,"By Director And Spouse. Traded $3,001 To $45,000 ."
2021-01-27,Diana,Harshbarger,"US Congressman",ALL,"Allstate Corp",24000,Buy,"By Director And Spouse. Traded $3,001 To $45,000 ."
2021-01-27,Gerald,Moran,"US Senator",COST,"Costco Wholesa",16001,Sell,"By Spouse And Politician. Traded $2,001 To $30,000 "
2021-01-27,Alan,Lowenthal,"US Congressman",ZBH,"Zimmer Biomet ",8000,Sell,"By Spouse. Traded $1,001 to $15,000 "
2021-01-27,Blake,Moore,"US Congressman",DG,"Dollar General",8000,Sell,"Sale Of Put Options With Strike Price $180 And Expiry 19-March-2021. Traded $1,001 To $15,000, As We Don't Have A Price We Have Stated An Amount Of 1 And Valued At The Midpoint."
2021-01-27,Tomasz,Malinowski,"US Congressman",DMTK,"Dermtech Inc",8000,Sell,"Traded $1,001 to $15,000 "
2021-01-27,Patrick,Toomey,"US Senator",SHOP,"Shopify Inc",8000,Sell,"By Minor Child. Traded $1,001 To $15,000 "
2021-01-27,Patrick,Toomey,"US Senator",TSLA,"Tesla Inc",8000,Sell,"By Minor Child. Traded $1,001 To $15,000 "
2021-01-27,Earl,Blumenauer,"US Congressman",KR,"Kroger Company",8000,Sell,"By Spouse. Traded $1,001 To $15,000 ."
2021-01-27,Garret,Graves,"US Congressman",DDD,"3D Systems Cor",8000,Sell,"Traded $1,001 to $15,000 "
2021-01-27,Alan,Lowenthal,"US Congressman",SPCE,"Virgin Galacti",8000,Sell,"By Spouse. Traded $1,001 To $15,000 "
2021-01-27,Diana,Harshbarger,"US Congressman",ORLY,"O'Reilly Autom",8000,Buy,"Traded $1,001 to $15,000 ."
2021-01-27,Diana,Harshbarger,"US Congressman",LNT,"Alliant Energy",8000,Buy,"Traded $1,001 to $15,000 "
2021-01-27,Diana,Harshbarger,"US Congressman",GOOG,"Alphabet Cl C",8000,Buy,"Traded $1,001 to $15,000 ."
2021-01-27,Diana,Harshbarger,"US Congressman",AMZN,"Amazon.com Inc",8000,Buy,"By Spouse. Traded $1,001 to $15,000 ."
2021-01-27,Blake,Moore,"US Congressman",DG,"Dollar General",8000,Buy,"Purchase Of Put Options With Strike Price $175 And Expiry 19-March-2021. Traded $1,001 To $15,000. As We Don't Have A Price We Have Stated An Amount Of 1 And Valued At The Midpoint."
2021-01-27,Patrick,Toomey,"US Senator",GME,"Gamestop Corp",8000,Buy,"By Minor Child. Traded $1,001 To $15,000 "
2021-01-27,Earl,Blumenauer,"US Congressman",GOOGL,"Alphabet Cl A",8000,Buy,"By Spouse. Traded $1,001 To $15,000 ."
2021-01-27,Alan,Lowenthal,"US Congressman",DD,"Dupont Denemou",8000,Buy,"Traded $1,001 to $15,000 ."
2021-01-26,Richard,Allen,"US Congressman",VZ,"Verizon Commun",75000,Sell,"By Spouse. Traded $50,001 To $100,000 ."
2021-01-26,Austin,Scott,"US Congressman",JNJ,"Johnson & John",32500,Buy,"By Spouse. Traded $15,001 To $50,000 "
2021-01-26,Diana,Harshbarger,"US Congressman",AAPL,"Apple Inc",32000,Sell,"By Director And Spouse. Traded $4,001 To $60,000 ."
2021-01-26,Diana,Harshbarger,"US Congressman",CHRW,"C.H. Robinson ",24000,Sell,"By Director And Spouse. Traded $3,001 To $45,000 "
2021-01-26,Diana,Harshbarger,"US Congressman",LLY,"Eli Lilly and ",24000,Sell,"By Director And Spouse. Traded $3,001 To $45,000 ."
2021-01-26,Diana,Harshbarger,"US Congressman",CME,"CME Group Inc",24000,Buy,"By Director And Spouse. Traded $3,001 To $45,000 ."
2021-01-26,Michael,Mccaul,"US Congressman",SFE,"Safeguard Scie",16001,Sell,"By Spouse & Dependent Child. Traded $2,002 to $30,000 ."
2021-01-26,Diana,Harshbarger,"US Congressman",LMT,"Lockheed Marti",16000,Sell,"Traded $2,001 To $30,000 ."
2021-01-26,Diana,Harshbarger,"US Congressman",MAS,"Masco Corp",16000,Sell,"By Director And Spouse. Traded $2,001 To $30,000 ."
2021-01-26,Diana,Harshbarger,"US Congressman",ESNT,"Essent Group L",16000,Sell,"By Director And Spouse. Traded $2,001 To $30,000 ."
2021-01-26,Diana,Harshbarger,"US Congressman",NUAN,"Nuance Communi",16000,Sell,"By Director And Spouse. Traded $2,001 To $30,000 ."
2021-01-26,Diana,Harshbarger,"US Congressman",ORCL,"Oracle Corp",16000,Buy,"By Director And Spouse. Traded $2,001 To $30,000 ."
2021-01-26,Diana,Harshbarger,"US Congressman",ORLY,"O'Reilly Autom",16000,Buy,"Traded $2,001 To $30,000 ."
2021-01-26,Diana,Harshbarger,"US Congressman",PAYX,"Paychex Inc",16000,Buy,"By Director And Spouse. Traded $2,001 To $30,000 ."
2021-01-26,Diana,Harshbarger,"US Congressman",LHX,"L3Harris Techn",8000,Sell,"Traded $1,001 to $15,000 ."
2021-01-26,Diana,Harshbarger,"US Congressman",AEP,"American Elect",8000,Sell,"Traded $1,001 to $15,000 "
2021-01-26,Marie,Newman,"US Congressman",W,"Wayfair Inc",8000,Sell,"By Spouse. As We Don't Have A Price We Have Stated An Amount Of 1 And Valued At The Midpoint."
2021-01-26,Tomasz,Malinowski,"US Congressman",AI,"C3.Ai Inc Cl A",8000,Sell,"Traded $1,001 to $15,000 "
2021-01-26,Thomas,Carper,"US Senator",PBA,"Pembina Pipeli",8000,Sell,"By Spouse. Traded $1,001 To $15,000 "
2021-01-26,Diana,Harshbarger,"US Congressman",ZBH,"Zimmer Biomet ",8000,Buy,"Traded $1,001 to $15,000 ."
2021-01-26,Diana,Harshbarger,"US Congressman",AZO,Autozone,8000,Buy,"Traded $1,001 to $15,000 ."
2021-01-26,Diana,Harshbarger,"US Congressman",FIS,"Fidelity Natio",8000,Buy,"Traded $1,001 to $15,000 "
2021-01-26,Diana,Harshbarger,"US Congressman",AFG,"American Finan",8000,Buy,"Traded $1,001 to $15,000 "
2021-01-26,Peter,Meijer,"US Congressman",CHKP,"Check Point So",8000,Buy,"Traded $1,001 to $15,000 ."
2021-01-26,"William Francis",Hagerty,"US Senator",VRM,"Vroom Inc",8000,Buy,"Traded $1,001 to $15,000 ."
2021-01-26,Thomas,Carper,"US Senator",AQN,"Algonquin Powe",8000,Buy,"By Spouse. Traded $1,001 To $15,000 "
2021-01-26,Peter,Meijer,"US Congressman",PPC,"Pilgrim's Prid",819,Sell,"Traded $819.48 "
2021-01-25,Marie,Newman,"US Congressman",NFLX,"Netflix Inc",75000,Buy,"By Spouse. Traded $50,001 To $100,000 "
2021-01-25,Michael,Mccaul,"US Congressman",PCAR,"Paccar Inc",65001,Sell,"By Spouse & Dependent Child. Traded $30,002 To $100,000 ."
2021-01-25,Richard,Allen,"US Congressman",KMB,Kimberly-Clark,40501,Sell,"By Spouse. Traded $16,002 To $65,000 ."
2021-01-25,Richard,Allen,"US Congressman",DIS,"Walt Disney Co",32500,Buy,"By Spouse. Traded $15,001 To $50,000 ."
2021-01-25,Richard,Allen,"US Congressman",TMO,"Thermo Fisher ",32500,Buy,"By Spouse. Traded $15,001 To $50,000 ."
2021-01-25,Richard,Allen,"US Congressman",PYPL,"Paypal Holding",32500,Buy,"By Spouse. Traded $15,001 To $50,000 ."
2021-01-25,Marie,Newman,"US Congressman",W,"Wayfair Inc",32500,Buy,"By Spouse. Traded $15,001 To $50,000 "
2021-01-25,Marie,Newman,"US Congressman",MCD,"McDonald's Cor",32500,Buy,"By Spouse. Traded $15,001 To $50,000 "
2021-01-25,Marie,Newman,"US Congressman",BA,"Boeing Company",32500,Buy,"By Spouse. Traded $15,001 to $50,000 ."
2021-01-25,Diana,Harshbarger,"US Congressman",JNJ,"Johnson & John",24000,Sell,"By Director And Spouse. Traded $3,001 To $45,000 ."
2021-01-25,Dean,Phillips,"US Congressman",HON,"Honeywell Inte",8000,Sell,"Traded $1,001 to $15,000 "
2021-01-25,Marie,Newman,"US Congressman",W,"Wayfair Inc",8000,Sell,"By Spouse. As We Don't Have A Price We Have Stated An Amount Of 1 And Valued At The Midpoint."
2021-01-25,Tomasz,Malinowski,"US Congressman",FSLY,"Fastly Inc",8000,Sell,"Traded $1,001 to $15,000 "
2021-01-25,Joshua,Gottheimer,"US Congressman",HAE,"Haemonetics Co",8000,Sell,"Traded $1,001 to $15,000 "
2021-01-25,Thomas,Carper,"US Senator",EVOP,"Evo Payments I",8000,Sell,"By Spouse. Traded $1,001 To $15,000 "
2021-01-25,Thomas,Carper,"US Senator",VIAV,"Viavi Solution",8000,Sell,"By Spouse. Traded $1,001 To $15,000 "
2021-01-25,Alan,Lowenthal,"US Congressman",SPCE,"Virgin Galacti",8000,Sell,"By Spouse. Traded $1,001 To $15,000 "
2021-01-25,Tomasz,Malinowski,"US Congressman",PCRX,"Pacira Pharm I",8000,Buy,"Traded $1,001 to $15,000 "
2021-01-22,Marie,Newman,"US Congressman",NFLX,"Netflix Inc",175000,Sell,"By Spouse. Traded $100,001 To $250,000 ."
2021-01-22,Gregory,Murphy,"US Congressman",NYMXF,"Nymox Pharm Co",75000,Sell,"Traded $50,001 to $100,000 ."
2021-01-22,John,Boozman,"US Senator",MDYG,"S&P Midcap Gro",75000,Sell,"Traded $50,001 to $100,000 "
2021-01-22,Trey,Hollingsworth,"US Congressman",EPD,"Enterprise Pro",75000,Buy,"Traded $50,001 to $100,000 "
2021-01-22,Kathy,Manning,"US Congressman",PYPL,"Paypal Holding",32500,Sell,"Traded $15,001 to $50,000 ."
2021-01-22,Marie,Newman,"US Congressman",BABA,"Alibaba Group ",32500,Sell,"By Spouse. Traded $15,001 To $50,000 ."
2021-01-22,Marie,Newman,"US Congressman",CRM,"Salesforce Inc",32500,Sell,"By Spouse. Traded $15,001 To $50,000 ."
2021-01-22,Marie,Newman,"US Congressman",MSFT,"Microsoft Corp",32500,Sell,"By Spouse. Traded $15,001 To $50,000 "
2021-01-22,Marie,Newman,"US Congressman",MCD,"McDonald's Cor",32500,Sell,"By Spouse. Traded $15,001 To $50,000 "
2021-01-22,John,Boozman,"US Senator",SCHP,"Schwab U.S. TI",32500,Sell,"Traded $15,001 to $50,000 "
2021-01-22,Kathy,Manning,"US Congressman",NFLX,"Netflix Inc",32500,Buy,"Traded $15,001 to $50,000 ."
2021-01-22,John,Boozman,"US Senator",CMBS,"CMBS Ishares E",32500,Buy,"Traded $15,001 to $50,000 "
2021-01-22,John,Boozman,"US Senator",GEM,"GS Activebeta ",32500,Buy,"Traded $15,001 to $50,000 ."
2021-01-22,John,Boozman,"US Senator",NFRA,"Flexshares Glo",32500,Buy,"Traded $15,001 to $50,000 "
2021-01-22,John,Boozman,"US Senator",FCVT,"Ssi Strategic ",32500,Buy,"Traded $15,001 to $50,000 "
2021-01-22,Rohit,Khanna,"US Congressman",PYPL,"Paypal Holding",24002,Sell,"By Dependent Child. Traded $3,003 to $45,000 ."
2021-01-22,Michael,Mccaul,"US Congressman",SFE,"Safeguard Scie",16001,Sell,"By Spouse & Dependent Child. Traded $2,002 to $30,000 ."
2021-01-22,Morris,Brooks,"US Congressman",LEE,"Lee Enterprise",16001,Sell,"By Reporting Person And Spouse. Traded $2,002 To $30,000 ."
2021-01-22,Rohit,Khanna,"US Congressman",NFLX,"Netflix Inc",16001,Buy,"By Dependent Child. Traded $2,002 To $30,000 ."
2021-01-22,Marie,Newman,"US Congressman",MRNA,"Moderna Inc",8000,Sell,"By Spouse. Traded $1,001 to $15,000 ."
2021-01-22,Marie,Newman,"US Congressman",GM,"General Motors",8000,Sell,"By Spouse. Traded $1,001 To $15,000 ."
2021-01-22,Marie,Newman,"US Congressman",AAPL,"Apple Inc",8000,Sell,"By Spouse. Traded $1,001 to $15,000 ."
2021-01-22,John,Boozman,"US Senator",ESGD,"EAFE ESG Optim",8000,Sell,"Traded $1,001 to $15,000 "
2021-01-22,John,Boozman,"US Senator",VZ,"Verizon Commun",8000,Sell,"Traded $1,001 to $15,000 "
2021-01-22,John,Boozman,"US Senator",UNP,"Union Pacific ",8000,Sell,"Traded $1,001 to $15,000 "
2021-01-22,John,Boozman,"US Senator",TRV,"The Travelers ",8000,Sell,"Traded $1,001 to $15,000 "
2021-01-22,John,Boozman,"US Senator",PG,"Procter & Gamb",8000,Sell,"Traded $1,001 to $15,000 "
2021-01-22,John,Boozman,"US Senator",PFE,"Pfizer Inc",8000,Sell,"Traded $1,001 to $15,000 "
2021-01-22,John,Boozman,"US Senator",MDLZ,"Mondelez Intl ",8000,Sell,"Traded $1,001 to $15,000 "
2021-01-22,John,Boozman,"US Senator",MU,"Micron Technol",8000,Sell,"Traded $1,001 to $15,000 "
2021-01-22,John,Boozman,"US Senator",LOW,"Lowe's Compani",8000,Sell,"Traded $1,001 to $15,000 ."
2021-01-22,John,Boozman,"US Senator",LRCX,"Lam Research C",8000,Sell,"Traded $1,001 to $15,000 ."
2021-01-22,John,Boozman,"US Senator",KMB,Kimberly-Clark,8000,Sell,"Traded $1,001 to $15,000 "
2021-01-22,John,Boozman,"US Senator",JNJ,"Johnson & John",8000,Sell,"Traded $1,001 to $15,000 "
2021-01-22,John,Boozman,"US Senator",JPM,"JP Morgan Chas",8000,Sell,"Traded $1,001 to $15,000 ."
2021-01-22,John,Boozman,"US Senator",IQV,"Iqvia Holdings",8000,Sell,"Traded $1,001 to $15,000 "
2021-01-22,John,Boozman,"US Senator",QQQ,"Nasdaq QQQ Inv",8000,Sell,"Traded $1,001 to $15,000 "
2021-01-22,John,Boozman,"US Senator",INTC,"Intel Corp",8000,Sell,"Traded $1,001 to $15,000 "
2021-01-22,John,Boozman,"US Senator",HPQ,"HP Inc",8000,Sell,"Traded $1,001 to $15,000 "
2021-01-22,John,Boozman,"US Senator",HON,"Honeywell Inte",8000,Sell,"Traded $1,001 to $15,000 "
2021-01-22,John,Boozman,"US Senator",HES,"Hess Corp",8000,Sell,"Traded $1,001 to $15,000 "
2021-01-22,John,Boozman,"US Senator",HAS,"Hasbro Inc",8000,Sell,"Traded $1,001 to $15,000 "
2021-01-22,John,Boozman,"US Senator",GILD,"Gilead Science",8000,Sell,"Traded $1,001 to $15,000 "
2021-01-22,John,Boozman,"US Senator",GD,"General Dynami",8000,Sell,N/A
2021-01-22,John,Boozman,"US Senator",FBIN,"Fortune Brands",8000,Sell,"Traded $1,001 to $15,000 ."
2021-01-22,John,Boozman,"US Senator",FI,"Fiserv Inc",8000,Sell,"Traded $1,001 to $15,000 ."
2021-01-22,John,Boozman,"US Senator",ECL,"Ecolab Inc",8000,Sell,"Traded $1,001 to $15,000 "
2021-01-22,John,Boozman,"US Senator",EBAY,"Ebay Inc",8000,Sell,"Traded $1,001 to $15,000 ."
2021-01-22,John,Boozman,"US Senator",DTE,"Dte Energy Com",8000,Sell,"Traded $1,001 to $15,000 "
2021-01-22,John,Boozman,"US Senator",DIS,"Walt Disney Co",8000,Sell,"Traded $1,001 to $15,000 "
2021-01-22,John,Boozman,"US Senator",CMCSA,"Comcast Corp A",8000,Sell,"Traded $1,001 to $15,000 "
2021-01-22,John,Boozman,"US Senator",CL,Colgate-Palmol,8000,Sell,"Traded $1,001 to $15,000 "
2021-01-22,John,Boozman,"US Senator",CSCO,"Cisco Systems ",8000,Sell,"Traded $1,001 to $15,000 "
2021-01-22,John,Boozman,"US Senator",COF,"Capital One Fi",8000,Sell,"Traded $1,001 to $15,000 "
2021-01-22,John,Boozman,"US Senator",BAC,"Bank of Americ",8000,Sell,"Traded $1,001 to $15,000 ."
2021-01-22,John,Boozman,"US Senator",ACN,"Accenture Plc",8000,Sell,"Traded $1,001 to $15,000 "
2021-01-22,John,Boozman,"US Senator",AAPL,"Apple Inc",8000,Sell,"Traded $1,001 to $15,000 ."
2021-01-22,Alan,Lowenthal,"US Congressman",KTOS,"Kratos Defns",8000,Sell,"By Spouse. Traded $1,001 To $15,000 "
2021-01-22,Michael,Guest,"US Congressman",XOM,"Exxon Mobil Co",8000,Buy,"By Spouse. Traded $1,001 to $15,000 "
2021-01-22,Marie,Newman,"US Congressman",YETI,"Yeti Holdings ",8000,Buy,"Traded $1,001 to $15,000 "
2021-01-22,Marie,Newman,"US Congressman",MRNA,"Moderna Inc",8000,Buy,"By Spouse. Traded $1,001 to $15,000 ."
2021-01-22,Marie,Newman,"US Congressman",XOM,"Exxon Mobil Co",8000,Buy,"By Spouse. Traded $1,001 To $15,000 ."
2021-01-22,Victoria,Spartz,"US Congressman",SPG,"Simon Property",8000,Buy,"Traded $1,001 to $15,000 "
2021-01-22,John,Boozman,"US Senator",IVW,"S&P 500 Growth",8000,Buy,"Traded $1,001 to $15,000 "
2021-01-22,John,Boozman,"US Senator",INDA,"India MSCI Ish",8000,Buy,"Traded $1,001 to $15,000 "
2021-01-22,John,Boozman,"US Senator",GBIL,"GS Treasuryacc",8000,Buy,"Traded $1,001 to $15,000 "
2021-01-22,John,Boozman,"US Senator",ABBV,"Abbvie Inc",8000,Buy,"Traded $1,001 to $15,000 "
2021-01-22,Morris,Brooks,"US Congressman",DUK,"Duke Energy Co",8000,Buy,"Traded $1,001 to $15,000 "
2021-01-22,Marjorie,Greene,"US Congressman",TSLA,"Tesla Inc",8000,Buy,"By Spouse. Traded $1,001 to $15,000 "
2021-01-22,Marjorie,Greene,"US Congressman",PENN,"Penn Entertain",8000,Buy,"By Spouse. Traded $1,001 to $15,000 "
2021-01-22,Marjorie,Greene,"US Congressman",PAGS,"Pagseguro Digi",8000,Buy,"By Spouse. Traded $1,001 to $15,000 ."
2021-01-22,Marjorie,Greene,"US Congressman",LULU,"Lululemon Athl",8000,Buy,"By Spouse. Traded $1,001 to $15,000 "
2021-01-22,Marjorie,Greene,"US Congressman",GS,"Goldman Sachs ",8000,Buy,"By Spouse. Traded $1,001 to $15,000 "
2021-01-22,Marjorie,Greene,"US Congressman",KO,"Coca-Cola Comp",8000,Buy,"By Spouse. Traded $1,001 to $15,000 "
2021-01-22,Marjorie,Greene,"US Congressman",AVGO,"Broadcom Ltd",8000,Buy,"By Spouse. Traded $1,001 to $15,000 "
2021-01-22,Susie,Lee,"US Congressman",AZEK,"The Azek Compa",8000,Buy,"Traded $1,001 to $15,000 "
2021-01-22,Susie,Lee,"US Congressman",AHCO,"Adapthealth Co",8000,Buy,"Traded $1,001 to $15,000 "
2021-01-21,Thomas,Suozzi,"US Congressman",NCLH,"Norwegian Crui",32500,Buy,"Traded $15,001 to $50,000 "
2021-01-21,Thomas,Suozzi,"US Congressman",LYV,"Live Nation En",32500,Buy,"Traded $15,001 to $50,000 "
2021-01-21,Thomas,Tuberville,"US Senator",CLF,Cleveland-Clif,32500,Buy,"Traded $15,001 to $50,000 "
2021-01-21,Charles,Fleischmann,"US Congressman",SPDW,"SPDR World Ex-",32500,Buy,"Traded $15,001 to $50,000 "
2021-01-21,Diana,Harshbarger,"US Congressman",REGN,"Regeneron Phar",32000,Sell,"By Director And Spouse. Traded $4,001 To $60,000 ."
2021-01-21,Michael,Mccaul,"US Congressman",NFG,"National Fuel ",16001,Buy,"By Spouse & Dependent Child. Traded $2,002 to $30,000 ."
2021-01-21,Thomas,Tuberville,"US Senator",CLF,Cleveland-Clif,8000,Sell,"Sale Of Put Options With Strike Price $15.00 And 07/16/2021.Traded $1,001 To $15,000 As We Don't Have A Price We Have Stated An Amount Of 1 And Valued At The Midpoint."
2021-01-21,Dean,Phillips,"US Congressman",PCAR,"Paccar Inc",8000,Sell,"Traded $1,001 to $15,000 "
2021-01-21,Rohit,Khanna,"US Congressman",RP,"Realpage Inc",8000,Sell,"By Dependent Child. Traded $1,001 to $15,000 ."
2021-01-21,John,Rutherford,"US Congressman",CTVA,"Corteva Inc",8000,Sell,"Traded $1,001 to $15,000 "
2021-01-21,Charles,Fleischmann,"US Congressman",XLY,"S&P 500 Cons D",8000,Sell,"Traded $1,001 to $15,000 "
2021-01-21,Charles,Fleischmann,"US Congressman",MDYV,"S&P Midcap Val",8000,Sell,"Traded $1,001 to $15,000 "
2021-01-21,Charles,Fleischmann,"US Congressman",MDYG,"S&P Midcap Gro",8000,Sell,"Traded $1,001 to $15,000 "
2021-01-21,Charles,Fleischmann,"US Congressman",SPTI,"Interm Term Tr",8000,Sell,"Traded $1,001 to $15,000 "
2021-01-21,Charles,Fleischmann,"US Congressman",SPYV,"SPDR S&P 500 V",8000,Sell,"Traded $1,001 to $15,000 "
2021-01-21,Charles,Fleischmann,"US Congressman",SPYG,"SPDR S&P 500 G",8000,Sell,"Traded $1,001 to $15,000 "
2021-01-21,Charles,Fleischmann,"US Congressman",IBTG,"Ishares Ibonds",8000,Sell,"Traded $1,001 to $15,000 "
2021-01-21,Charles,Fleischmann,"US Congressman",IBTH,"Ishares Ibonds",8000,Sell,"Traded $1,001 to $15,000 "
2021-01-21,Charles,Fleischmann,"US Congressman",IBTI,"Ishares Ibonds",8000,Sell,"Traded $1,001 to $15,000 "
2021-01-21,Charles,Fleischmann,"US Congressman",IBTJ,"Ishares Ibonds",8000,Sell,"Traded $1,001 to $15,000 "
2021-01-21,Charles,Fleischmann,"US Congressman",IBDO,"Dec 2023 Term ",8000,Sell,"Traded $1,001 to $15,000 "
2021-01-21,Charles,Fleischmann,"US Congressman",LQD,"Invst Grade Co",8000,Sell,"Traded $1,001 to $15,000 "
2021-01-21,Lois,Frankel,"US Congressman",CI,"The Cigna Grou",8000,Sell,"Traded $1,001 to $15,000 ."
2021-01-21,Gerald,Connolly,"US Congressman",SAIC,"Science Applic",8000,Sell,"Traded $1,001 to $15,000 "
2021-01-21,Gerald,Connolly,"US Congressman",LDOS,"Leidos Holding",8000,Sell,"Traded $1,001 to $15,000 "
2021-01-21,Gerald,Connolly,"US Congressman",D,"Dominion Energ",8000,Sell,"Traded $1,001 to $15,000 ."
2021-01-21,Charles,Fleischmann,"US Congressman",IAU,"Gold Trust Ish",8000,Sell,"Traded $1,001 to $15,000 "
2021-01-21,Marie,Newman,"US Congressman",UAL,"United Airline",8000,Buy,"By Spouse. Traded $1,001 To $15,000 ."
2021-01-21,Marie,Newman,"US Congressman",TWTR,"Twitter Inc",8000,Buy,"By Spouse. Traded $1,001 To $15,000 ."
2021-01-21,Marie,Newman,"US Congressman",IBM,"International ",8000,Buy,"By Spouse. Traded $1,001 To $15,000 ."
2021-01-21,Marie,Newman,"US Congressman",XOM,"Exxon Mobil Co",8000,Buy,"By Spouse. Traded $1,001 To $15,000 ."
2021-01-21,Marie,Newman,"US Congressman",DUK,"Duke Energy Co",8000,Buy,"Traded $1,001 to $15,000 "
2021-01-21,Marie,Newman,"US Congressman",CHWY,"Chewy Inc",8000,Buy,"By Spouse. Traded $1,001 to $15,000 ."
2021-01-21,John,Rutherford,"US Congressman",TFC,"Truist Financi",8000,Buy,"Traded $1,001 to $15,000 ."
2021-01-21,Charles,Fleischmann,"US Congressman",XLF,"S&P 500 Financ",8000,Buy,"Traded $1,001 to $15,000 "
2021-01-21,Charles,Fleischmann,"US Congressman",SLYV,"S&P Smallcap V",8000,Buy,"Traded $1,001 to $15,000 "
2021-01-21,Charles,Fleischmann,"US Congressman",IBTD,"Ishares Ibonds",8000,Buy,"Traded $1,001 to $15,000 "
2021-01-21,Charles,Fleischmann,"US Congressman",IBTB,"Ishares Ibonds",8000,Buy,"Traded $1,001 to $15,000 "
2021-01-21,Charles,Fleischmann,"US Congressman",MBB,"MBS Ishares ET",8000,Buy,"Traded $1,001 to $15,000 "
2021-01-21,Charles,Fleischmann,"US Congressman",PDBC,"Optimum Yield ",8000,Buy,"Traded $1,001 to $15,000 "
2021-01-21,Marjorie,Greene,"US Congressman",WMT,"Walmart Inc",8000,Buy,"Traded $1,001 to $15,000 ."
2021-01-21,Marjorie,Greene,"US Congressman",NOW,"Servicenow Inc",8000,Buy,"Traded $1,001 to $15,000 "
2021-01-21,Marjorie,Greene,"US Congressman",PENN,"Penn Entertain",8000,Buy,"Traded $1,001 to $15,000 "
2021-01-21,Marjorie,Greene,"US Congressman",PAGS,"Pagseguro Digi",8000,Buy,"Traded $1,001 to $15,000 ."
2021-01-21,Marjorie,Greene,"US Congressman",LULU,"Lululemon Athl",8000,Buy,"Traded $1,001 to $15,000 "
2021-01-21,Marjorie,Greene,"US Congressman",LMT,"Lockheed Marti",8000,Buy,"Traded $1,001 to $15,000 "
2021-01-21,Marjorie,Greene,"US Congressman",SJM,"J.M. Smucker C",8000,Buy,N/A
2021-01-21,Marjorie,Greene,"US Congressman",GILD,"Gilead Science",8000,Buy,"Traded $1,001 to $15,000 "
2021-01-21,Marjorie,Greene,"US Congressman",DKNG,"Draftkings Inc",8000,Buy,"Traded $1,001 to $15,000 ."
2021-01-21,Marjorie,Greene,"US Congressman",CRSP,"Crispr Therape",8000,Buy,"Traded $1,001 to $15,000 "
2021-01-21,Marjorie,Greene,"US Congressman",CAT,"Caterpillar In",8000,Buy,"Traded $1,001 to $15,000 "
2021-01-21,Marjorie,Greene,"US Congressman",BAC,"Bank of Americ",8000,Buy,"Traded $1,001 to $15,000 ."
2021-01-21,Marjorie,Greene,"US Congressman",AMD,"Adv Micro Devi",8000,Buy,"Traded $1,001 to $15,000 "
2021-01-20,Michael,Mccaul,"US Congressman",MS,"Morgan Stanley",207501,Sell,"By Spouse & Dependent Child. Traded $115,002 To $300,000 ."
2021-01-20,Michael,Mccaul,"US Congressman",C,"Citigroup Inc",207501,Buy,"By Spouse & Dependent Child. Traded $115,002 To $300,000 ."
2021-01-20,Michael,Mccaul,"US Congressman",NFG,"National Fuel ",107501,Buy,"By Spouse & Dependent Child. Traded $65,002 To $150,000 ."
2021-01-20,Marjorie,Greene,"US Congressman",AMZN,"Amazon.com Inc",40501,Sell,"By Director And Spouse. Traded $16,002 To $65,000 ."
2021-01-20,Marjorie,Greene,"US Congressman",META,"Meta Platforms",40501,Sell,"By Director And Spouse. Traded $16,002 To $65,000 "
2021-01-20,Marjorie,Greene,"US Congressman",AAPL,"Apple Inc",40501,Sell,"By Director And Spouse. Traded $16,002 To $65,000 ."
2021-01-20,Marjorie,Greene,"US Congressman",GOOGL,"Alphabet Cl A",40501,Sell,"By Spouse. Traded $16,002 To $65,000 "
2021-01-20,Teresa,Fernandez,"US Congressman",GBDC,"Golub Capital ",32500,Sell,"Traded $15,001 to $50,000 "
2021-01-20,Diana,Harshbarger,"US Congressman",ZBH,"Zimmer Biomet ",32000,Buy,"By Director And Spouse. Traded $4,001 To $60,000 ."
2021-01-20,Ronald,Wyden,"US Senator",AAPL,"Apple Inc",24002,Buy,"By Dependent Children. Traded $3,003 To $45,000 ."
2021-01-20,Diana,Harshbarger,"US Congressman",RHI,"Robert Half In",24000,Buy,"By Director And Spouse. Traded $3,001 To $45,000 ."
2021-01-20,Michael,Mccaul,"US Congressman",SFE,"Safeguard Scie",16001,Sell,"By Spouse & Dependent Child. Traded $2,002 to $30,000 ."
2021-01-20,Diana,Harshbarger,"US Congressman",JNJ,"Johnson & John",8000,Sell,"Traded $1,001 to $15,000 "
2021-01-20,Blake,Moore,"US Congressman",NVDA,"Nvidia Corp",8000,Sell,"Sale Of Put Options With Strike Price $425 And Expiry 19-March-2021. Traded $1,001 To $15,000. As We Don't Have A Price We Have Stated An Amount Of 1 And Valued At The Midpoint."
2021-01-20,Blake,Moore,"US Congressman",META,"Meta Platforms",8000,Sell,"Sale Of Put Options Of Class A Common Shares With Strike Price $220 And Expiry 19-March-2021. Traded $1,001 To $15,000. As We Don't Have A Price We Have Stated An Amount Of 1 And Valued At The Midpoint."
2021-01-20,Cynthia,Axne,"US Congressman",PGR,"Progressive Co",8000,Buy,"By Spouse. Traded $1,001 to $15,000 "
2021-01-20,Cynthia,Axne,"US Congressman",LMT,"Lockheed Marti",8000,Buy,"By Spouse. Traded $1,001 to $15,000 "
2021-01-20,Cynthia,Axne,"US Congressman",AZO,Autozone,8000,Buy,"By Spouse. Traded $1,001 To $15,000 ."
2021-01-20,Blake,Moore,"US Congressman",NVDA,"Nvidia Corp",8000,Buy,"Purchase Of Put Options With Strike Price $420 And Expiry 19-March-2021. Traded $1,001 To $15,000. As We Don't Have A Price We Have Stated An Amount Of 1 And Valued At The Midpoint."
2021-01-20,Blake,Moore,"US Congressman",META,"Meta Platforms",8000,Buy,"Purchase Of Put Options Of Class A Common Shares With Strike Price $215 And Expiry 19-March-2021. Traded $1,001 To $15,000. As We Don't Have A Price We Have Stated An Amount Of 1 And Valued At The Midpoint."
2021-01-20,Walter,Schrader,"US Congressman",ASMLF,"Asml Hld NV Or",8000,Buy,"Traded $1,001 to $15,000 ."
2021-01-20,Walter,Schrader,"US Congressman",APD,"Air Products a",8000,Buy,"Traded $1,001 to $15,000 "
2021-01-20,Walter,Schrader,"US Congressman",SCHW,"The Charles Sc",8000,Buy,"Traded $1,001 to $15,000 "
2021-01-20,Peter,Sessions,"US Congressman",NIO,"Nio Inc ADR",577,Buy,"As ADR/ADS But Shown As Ord Equivalent. Price Not Reported. By Spouse."
2021-01-19,Patrick,Fallon,"US Congressman",MSFT,"Microsoft Corp",750000,Buy,"Traded $500,001 to $1,000,000 "
2021-01-19,Patrick,Fallon,"US Congressman",AAPL,"Apple Inc",750000,Buy,"Traded $500,001 to $1,000,000 ."
2021-01-19,Patrick,Fallon,"US Congressman",FDX,"Fedex Corp",375000,Buy,"Traded $250,001 to $500,000 ."
2021-01-19,Michael,Mccaul,"US Congressman",SWK,"Stanley Black ",207501,Sell,"By Spouse & Dependent Child. Traded $115,002 To $300,000 ."
2021-01-19,Mark,Green,"US Congressman",ENBL,"Enable Midstre",175000,Buy,"Traded $100,001 to $250,000 "
2021-01-19,Mark,Green,"US Congressman",BPMP,"BP Midstream P",175000,Buy,"Traded $100,001 to $250,000 ."
2021-01-19,Mark,Green,"US Congressman",AM,"Antero Midstre",175000,Buy,"Traded $100,001 to $250,000 "
2021-01-19,Patrick,Fallon,"US Congressman",PYPL,"Paypal Holding",175000,Buy,"Traded $100,001 to $250,000 "
2021-01-19,Patrick,Fallon,"US Congressman",BA,"Boeing Company",175000,Buy,"Traded $100,001 to $250,000 "
2021-01-19,Mark,Green,"US Congressman",USAC,"USA Compressio",175000,Buy,"Traded $100,001 to $250,000 ."
2021-01-19,Mark,Green,"US Congressman",SRLP,"Sprague Resour",175000,Buy,"Traded $100,001 to $250,000 "
2021-01-19,Mark,Green,"US Congressman",SHLX,"Shell Midstrea",175000,Buy,"Traded $100,001 to $250,000 "
2021-01-19,Mark,Green,"US Congressman",PAA,"Plains All Ame",175000,Buy,"Traded $100,001 to $250,000 ."
2021-01-19,Mark,Green,"US Congressman",PBFX,"PBF Logistics ",175000,Buy,"Traded $100,001 to $250,000 "
2021-01-19,Mark,Green,"US Congressman",NS,"Nustar Energy ",175000,Buy,"Traded $100,001 to $250,000 ."
2021-01-19,Mark,Green,"US Congressman",MPLX,"Mplx LP",175000,Buy,"Traded $100,001 to $250,000 "
2021-01-19,Mark,Green,"US Congressman",USDP,"USD Partners L",75000,Buy,"Traded $50,001 to $100,000 ."
2021-01-19,Mark,Green,"US Congressman",ENLC,"Enlink Midstre",75000,Buy,"Traded $50,001 to $100,000 ."
2021-01-19,Michael,Mccaul,"US Congressman",NFG,"National Fuel ",40501,Buy,"By Spouse & Dependent Child. Traded $16,002 to $65,000 ."
2021-01-19,Patrick,Fallon,"US Congressman",MSFT,"Microsoft Corp",32500,Sell,"Traded $15,001 to $50,000 "
2021-01-19,Patrick,Fallon,"US Congressman",AAPL,"Apple Inc",32500,Sell,"Traded $15,001 to $50,000 ."
2021-01-19,"William Francis",Hagerty,"US Senator",EDIT,"Editas Medicin",32500,Sell,"Traded $15,001 to $50,000 "
2021-01-19,Mark,Green,"US Congressman",NGL,"Ngl Energy Par",32500,Buy,"Traded $15,001 to $50,000 "
2021-01-19,Rohit,Khanna,"US Congressman",NFLX,"Netflix Inc",24002,Sell,"By Spouse. As We Don't Have A Price We Have Stated An Amount Of 1 And Valued At The Midpoint."
2021-01-19,Michael,Mccaul,"US Congressman",SFE,"Safeguard Scie",16001,Sell,"By Spouse & Dependent Child. Traded $2,002 to $30,000 ."
2021-01-19,Diana,Harshbarger,"US Congressman",PNW,"Pinnacle West ",16000,Sell,"By Director And Spouse. Traded $2,001 To $30,000 ."
2021-01-19,Patrick,Fallon,"US Congressman",PYPL,"Paypal Holding",8000,Sell,"Traded $1,001 to $15,000 "
2021-01-19,Patrick,Fallon,"US Congressman",FDX,"Fedex Corp",8000,Sell,"Traded $1,001 to $15,000 ."
2021-01-19,Patrick,Fallon,"US Congressman",BA,"Boeing Company",8000,Sell,"Traded $1,001 to $15,000 "
2021-01-19,Patrick,Fallon,"US Congressman",AMZN,"Amazon.com Inc",8000,Sell,"Traded $1,001 to $15,000 ."
2021-01-19,Earl,Blumenauer,"US Congressman",COHR,"Coherent Corp",8000,Sell,"By Spouse. Traded $1,001 To $15,000 ."
2021-01-19,Alan,Lowenthal,"US Congressman",DKNG,"Draftkings Inc",8000,Sell,"By Spouse. Traded $1,001 To $15,000 "
2021-01-19,Rohit,Khanna,"US Congressman",NFLX,"Netflix Inc",8000,Buy,"By Spouse. As We Don't Have A Price We Have Stated An Amount Of 1 And Valued At The Midpoint."
2021-01-19,Donald,Beyer,"US Congressman",EL,"Estee Lauder C",1242,Buy,"Price not reported"
2021-01-19,Patrick,Fallon,"US Congressman",PYPL,"Paypal Holding",1,Sell,"Sale Of Call Options With Strike Price $247.5 And Expiry 19-February-2021. Price No Reported."
2021-01-19,Patrick,Fallon,"US Congressman",MSFT,"Microsoft Corp",1,Sell,"Sale Of Call Options With Strike Price $220 And Expiry 19-Feb-2021. Price Not Reported."
2021-01-19,Patrick,Fallon,"US Congressman",FDX,"Fedex Corp",1,Sell,"Sale Of Put Options With Strike Price $255 And Expiry 19-Febraury-2021. Price No Reported."
2021-01-19,Patrick,Fallon,"US Congressman",BA,"Boeing Company",1,Sell,"Sale Of Call Options With Strike Price $210 And Expiry 19-February-2021. Price Not Reported."
2021-01-19,Patrick,Fallon,"US Congressman",AAPL,"Apple Inc",1,Sell,"Sale Of Call Options With A Strike Price $132 And Expiry 19-February-2021. Price Not Reported."
2021-01-19,Patrick,Fallon,"US Congressman",AMZN,"Amazon.com Inc",1,Sell,"Sale Of Put Options With A Strike Price $3000 And Expiry 19-February-2021. Price Not Reported."
2021-01-16,Nancy,Pelosi,"US Congressman",AMZN,"Amazon.com Inc",9312750,Buy,"By Spouse. Purchase Of Call Options With Strike Price $1600 And Expiry 1/17/2020. Price Not Reported."
2021-01-16,Nancy,Pelosi,"US Congressman",META,"Meta Platforms",502719,Buy,"By Spouse. Sale Of Call Options With Strike Price $150 And Expiry 1/17/2020. Price Not Reported"
2021-01-16,Nancy,Pelosi,"US Congressman",AMZN,"Amazon.com Inc",375000,Sell,"By Spouse. Sale Of Call Options With Strike Price $1600 And Expiry 1/17/2020. Price Not Reported."
2021-01-16,Nancy,Pelosi,"US Congressman",META,"Meta Platforms",375000,Buy,"By spouse. Sale Of call Options With Strike Price $140 And Expiry 1/17/2020.Traded $250.001 To $500.000 As We Don't Have A Price We Have Stated An Amount Of 1 And Valued At The Midpoint."
2021-01-16,Peter,Meijer,"US Congressman",EFX,"Equifax Inc",902,Sell,"Traded $902.42 "
2021-01-15,Mark,Green,"US Congressman",AM,"Antero Midstre",375000,Buy,"Traded $250,001 to $500,000 "
2021-01-15,Michael,Mccaul,"US Congressman",META,"Meta Platforms",175000,Buy,"By Spouse. Traded $100,001 to $250,000 ."
2021-01-15,Mark,Green,"US Congressman",USAC,"USA Compressio",175000,Buy,"Traded $100,001 to $250,000 ."
2021-01-15,Mark,Green,"US Congressman",SHLX,"Shell Midstrea",175000,Buy,"Traded $100,001 to $250,000 "
2021-01-15,Mark,Green,"US Congressman",PBFX,"PBF Logistics ",175000,Buy,"Traded $100,001 to $250,000 "
2021-01-15,Mark,Green,"US Congressman",ET,"Energy Transfe",175000,Buy,"Traded $100,001 to $250,000 "
2021-01-15,James,Langevin,"US Congressman",AAPL,"Apple Inc",175000,Buy,"Traded $100,001 to $250,000 ."
2021-01-15,Thomas,Suozzi,"US Congressman",DAN,"Dana Inc",75000,Sell,"Traded $50,001 to $100,000 "
2021-01-15,Thomas,Suozzi,"US Congressman",ETN,"Eaton Corp",75000,Buy,"Traded $50,001 to $100,000 "
2021-01-15,Kathy,Manning,"US Congressman",APD,"Air Products a",40501,Buy,"Traded $16,002 To $65,000 ."
2021-01-15,Tomasz,Malinowski,"US Congressman",BL,"Blackline Inc",32500,Sell,"Traded $15,001 to $50,000 "
2021-01-15,Marie,Newman,"US Congressman",W,"Wayfair Inc",32500,Sell,"Traded $15,001 to $50,000 "
2021-01-15,Marie,Newman,"US Congressman",MCD,"McDonald's Cor",32500,Sell,"By Spouse. Traded $15,001 To $50,000 "
2021-01-15,Marie,Newman,"US Congressman",FDX,"Fedex Corp",32500,Sell,"By Spouse. Traded $15,001 To $50,000 ."
2021-01-15,Tomasz,Malinowski,"US Congressman",DASH,"Doordash Inc C",32500,Buy,"Traded $15,001 to $50,000 "
2021-01-15,Kathy,Manning,"US Congressman",AAPL,"Apple Inc",16001,Sell,"Traded $2,002 to $30,000 ."
2021-01-15,Kathy,Manning,"US Congressman",AMGN,"Amgen Inc",16001,Sell,"Traded $2,002 to $30,000 ."
2021-01-15,Kathy,Manning,"US Congressman",GOOGL,"Alphabet Cl A",16001,Sell,"Traded $2,002 to $30,000 ."
2021-01-15,Marie,Newman,"US Congressman",ZTNO,"Zoom Technolog",16001,Sell,"By Spouse. As We Don't Have A Price We Have Stated An Amount Of 1 And Valued At The Midpoint."
2021-01-15,Kathy,Manning,"US Congressman",GOOG,"Alphabet Cl C",8000,Sell,"Traded $1,001 to $15,000 "
2021-01-15,Marie,Newman,"US Congressman",MET,"Metlife Inc",8000,Sell,"By Spouse. Traded $1,001 To $15,000 ."
2021-01-15,Marie,Newman,"US Congressman",DUK,"Duke Energy Co",8000,Sell,"By Spouse. Traded $1,001 To $15,000 ."
2021-01-15,Susie,Lee,"US Congressman",ROP,"Roper Industri",8000,Sell,"Traded $1,001 to $15,000 "
2021-01-15,Kathy,Manning,"US Congressman",CAT,"Caterpillar In",8000,Buy,"Traded $1,001 to $15,000 "
2021-01-15,Marie,Newman,"US Congressman",GM,"General Motors",8000,Buy,"By Spouse. Traded $1,001 To $15,000 ."
2021-01-15,Tomasz,Malinowski,"US Congressman",PCRX,"Pacira Pharm I",8000,Buy,"Traded $1,001 to $15,000 "
2021-01-15,Gary,Peters,"US Senator",AEP,"American Elect",8000,Buy,"Traded $1,001 to $15,000 "
2021-01-15,Gary,Peters,"US Senator",STAG,"Stag Industria",8000,Buy,"Traded $1,001 to $15,000 "
2021-01-15,Susie,Lee,"US Congressman",VNT,"Vontier Corp",8000,Buy,"Traded $1,001 to $15,000 "
2021-01-15,Susie,Lee,"US Congressman",VRT,"Vertiv Holding",8000,Buy,"Traded $1,001 to $15,000 "
2021-01-15,Donald,Beyer,"US Congressman",NTLA,"Intellia Thera",6142,Sell,"Price not reported"
2021-01-15,Donald,Beyer,"US Congressman",NVDA,"Nvidia Corp",2572,Sell,"Price not reported"
2021-01-15,Donald,Beyer,"US Congressman",GS,"Goldman Sachs ",1504,Buy,"Price not reported. "
2021-01-15,Alan,Lowenthal,"US Congressman",JBI,"Janus Internat",36,Buy,"The Congressman Spouse Invested $36, We Have Used The Close Price On The Date Of Trade To Estimate The Number Of Shares."
2021-01-14,Michael,Mccaul,"US Congressman",BKNG,"Booking Holdin",40501,Sell,"By Spouse & Dependent Child. Traded $16,002 to $65,000 ."
2021-01-14,Marie,Newman,"US Congressman",DOCU,"Docusign Inc",32500,Sell,"By Spouse. Traded $15,001 to $50,000 ."
2021-01-14,Austin,Scott,"US Congressman",PLUG,"Plug Power Inc",32500,Sell,"By Spouse. Traded $15,001 To $50,000 "
2021-01-14,Austin,Scott,"US Congressman",FCEL,"Fuelcell Energ",32500,Sell,"By Spouse. Traded $15,001 To $50,000 "
2021-01-14,Marie,Newman,"US Congressman",MSFT,"Microsoft Corp",32500,Buy,"By Spouse. Traded $15,001 To $50,000 "
2021-01-14,Michael,Mccaul,"US Congressman",ACGL,"Arch Capital G",32500,Buy,"By Spouse. Traded $15,001 to $50,000 ."
2021-01-14,Michael,Mccaul,"US Congressman",SFE,"Safeguard Scie",16001,Sell,"By Spouse & Dependent Child. Traded $2,002 to $30,000 ."
2021-01-14,Diana,Harshbarger,"US Congressman",VMW,"Vmware Inc",8000,Sell,"Traded $1,001 to $15,000 ."
2021-01-14,Rohit,Khanna,"US Congressman",NFLX,"Netflix Inc",8000,Sell,"By Spouse. As We Don't Have A Price We Have Stated An Amount Of 1 And Valued At The Midpoint."
2021-01-14,Marie,Newman,"US Congressman",NFLX,"Netflix Inc",8000,Sell,"By Spouse. Traded $1,001 To $15,000 ."
2021-01-14,Rohit,Khanna,"US Congressman",NFLX,"Netflix Inc",8000,Buy,"By Spouse. As We Don't Have A Price We Have Stated An Amount Of 1 And Valued At The Midpoint."
2021-01-14,Marie,Newman,"US Congressman",MRNA,"Moderna Inc",8000,Buy,"By Spouse. As We Don't Have A Price We Have Stated An Amount Of 1 And Valued At The Midpoint."
2021-01-14,Marie,Newman,"US Congressman",WMT,"Walmart Inc",8000,Buy,"By Spouse. Traded $1,001 To $15,000 ."
2021-01-14,Marie,Newman,"US Congressman",MRNA,"Moderna Inc",8000,Buy,"By Spouse. Traded $1,001 to $15,000 ."
2021-01-14,Marie,Newman,"US Congressman",DOCU,"Docusign Inc",8000,Buy,"By Spouse. Traded $1,001 to $15,000 ."
2021-01-14,Tomasz,Malinowski,"US Congressman",ETWO,"E2Open Parent ",8000,Buy,"Traded $1,001 to $15,000 "
2021-01-14,Alan,Lowenthal,"US Congressman",JBI,"Janus Internat",623,Buy,"The Congressman Spouse Invested $622.58, We Have Used The Close Price On The Date Of Trade To Estimate The Number Of Shares."
2021-01-13,Richard,Allen,"US Congressman",SSB,"Southstate Cor",75000,Sell,"By Spouse. Traded $50,001 To $100,000 ."
2021-01-13,Thomas,Tuberville,"US Senator",TDY,"Teledyne Techn",75000,Sell,"Traded $50,001 to $100,000 "
2021-01-13,Richard,Blumenthal,"US Senator",SG,"Sweetgreen Inc",75000,Buy,"By Spouse. Traded $50,001 To $100,000 "
2021-01-13,Michael,Simpson,"US Congressman",GOLD,"Barrick Gold C",32500,Sell,"Traded $1,001 to $15,000 ."
2021-01-13,Thomas,Tuberville,"US Senator",QQQ,"Nasdaq QQQ Inv",32500,Sell,"Sale Of Put Options With Strike Price $262.00 And Expiry 09/17/2021. Traded $15.001 To $50,000, As We Don't Have A Price We Have Stated An Amount Of 1 And Valued At The Midpoint."
2021-01-13,Thomas,Suozzi,"US Congressman",UBER,"Uber Technolog",32500,Buy,"Traded $15,001 to $50,000 "
2021-01-13,Tomasz,Malinowski,"US Congressman",BL,"Blackline Inc",32500,Buy,"Traded $15,001 to $50,000 "
2021-01-13,Patrick,Fallon,"US Congressman",KKR,"KKR & Company ",32500,Buy,"Traded $15,001 to $50,000 "
2021-01-13,Diana,Harshbarger,"US Congressman",VMW,"Vmware Inc",32000,Sell,"By Director And Spouse. Traded $4,001 To $60,000 ."
2021-01-13,Diana,Harshbarger,"US Congressman",KNX,"Knight-Swift T",32000,Buy,"By Director And Spouse. Traded $4,001 To $60,000 ."
2021-01-13,Diana,Harshbarger,"US Congressman",VMW,"Vmware Inc",32000,Buy,"By Director And Spouse. Traded $4,001 To $60,000 ."
2021-01-13,Peter,Meijer,"US Congressman",MRK,"Merck & Compan",16001,Buy,"Traded $1,001 to $15,000 "
2021-01-13,Michael,Simpson,"US Congressman",BHPLF,"Bhp Group Limi",8000,Sell,"As ADR/ADS but shown as Ord equivalent. Traded $1,001 to $15,000 ."
2021-01-13,Walter,Schrader,"US Congressman",BABAF,"Alibaba Group ",8000,Sell,"Traded $1,001 to $15,000 ."
2021-01-13,Michael,Simpson,"US Congressman",AUY,"Yamana Gold",8000,Sell,"Traded $1,001 to $15,000 ."
2021-01-13,Michael,Simpson,"US Congressman",PDS,"Precision Dril",8000,Sell,"Traded $1,001 to $15,000 ."
2021-01-13,Michael,Simpson,"US Congressman",NEM,"Newmont Mining",8000,Sell,"Traded $1,001 to $15,000 ."
2021-01-13,Michael,Simpson,"US Congressman",MJDLF,"Major Drilling",8000,Sell,"Traded $1,001 to $15,000 ."
2021-01-13,Michael,Simpson,"US Congressman",STOHF,"Statoil ASA",8000,Sell,"Traded $1,001 to $15,000 ."
2021-01-13,Lois,Frankel,"US Congressman",AXP,"American Expre",8000,Sell,"Traded $1,001 to $15,000 "
2021-01-13,Susie,Lee,"US Congressman",FI,"Fiserv Inc",8000,Sell,"Traded $1,001 to $15,000 ."
2021-01-13,Susie,Lee,"US Congressman",DRE,"Duke Realty Co",8000,Sell,"Traded $1,001 to $15,000 "
2021-01-13,Susie,Lee,"US Congressman",DLR,"Digital Realty",8000,Sell,"Traded $1,001 to $15,000 "
2021-01-13,Susie,Lee,"US Congressman",CACI,"Caci Internati",8000,Sell,"Traded $1,001 to $15,000 "
2021-01-13,Robert,Wittman,"US Congressman",V,"Visa Inc",8000,Sell,"Traded $1,001 to $15,000 "
2021-01-13,Walter,Schrader,"US Congressman",APTV,"Aptiv Plc",8000,Buy,"Traded $1,001 to $15,000 "
2021-01-13,Peter,Meijer,"US Congressman",KHC,"Kraft Heinz Co",8000,Buy,"Traded $1,001 to $15,000 "
2021-01-13,Peter,Meijer,"US Congressman",KO,"Coca-Cola Comp",8000,Buy,"Traded $1,001 to $15,000 "
2021-01-13,Peter,Meijer,"US Congressman",ATO,"Atmos Energy C",8000,Buy,"Traded $1,001 to $15,000 "
2021-01-13,Michael,Mccaul,"US Congressman",ACGL,"Arch Capital G",8000,Buy,"By Spouse. Traded $1,001 to $15,000 ."
2021-01-13,Lois,Frankel,"US Congressman",NOC,"Northrop Grumm",8000,Buy,"Traded $1,001 to $15,000 "
2021-01-13,Lois,Frankel,"US Congressman",FLR,"Fluor Corp",8000,Buy,"Traded $1,001 to $15,000 "
2021-01-13,Susie,Lee,"US Congressman",VNT,"Vontier Corp",8000,Buy,"Traded $1,001 to $15,000 "
2021-01-13,Susie,Lee,"US Congressman",VRT,"Vertiv Holding",8000,Buy,"Traded $1,001 to $15,000 "
2021-01-13,Susie,Lee,"US Congressman",GT,"Goodyear Tire ",8000,Buy,"Traded $1,001 to $15,000 "
2021-01-13,Susie,Lee,"US Congressman",LESL,"Leslie's Inc",8000,Buy,"Traded $1,001 to $15,000 "
2021-01-13,Susie,Lee,"US Congressman",CPAY,"Corpay Inc",8000,Buy,"Traded $1,001 to $15,000 ."
2021-01-13,Susie,Lee,"US Congressman",CHX,"Championx Corp",8000,Buy,"Traded $1,001 to $15,000 "
2021-01-13,Robert,Wittman,"US Congressman",CAT,"Caterpillar In",8000,Buy,"Traded $1,001 to $15,000 "
2021-01-13,John,Yarmuth,"US Congressman",AXP,"American Expre",8000,Buy,"Traded $1,001 to $15,000 "
2021-01-12,Paul,Cook,"US Congressman",PFE,"Pfizer Inc",175000,"Div Re","Traded $100,001 to $250,000 "
2021-01-12,Michael,Mccaul,"US Congressman",ACN,"Accenture Plc",150001,Sell,"By Spouse & Dependent Child. Traded $100,002 To $200,000 ."
2021-01-12,Michael,Mccaul,"US Congressman",CB,"Chubb Ltd",40501,Sell,"By Spouse & Dependent Child. Traded $16,002 to $65,000 ."
2021-01-12,Diana,Harshbarger,"US Congressman",META,"Meta Platforms",40000,Sell,"By Director And Spouse. Traded $5,001 To $75,000 ."
2021-01-12,Marie,Newman,"US Congressman",BABA,"Alibaba Group ",32500,Sell,"By Spouse. Traded $15,001 To $50,000 ."
2021-01-12,William,Long,"US Congressman",SO,"Southern Compa",32500,Sell,"Traded $15,001 to $50,000 "
2021-01-12,Alan,Lowenthal,"US Congressman",GM,"General Motors",9470,Buy,"By Reporting Person And Spouse. Traded $2,471 To $16,470 ."
2021-01-12,Dean,Phillips,"US Congressman",BKNG,"Booking Holdin",8000,Sell,"Traded $1,001 to $15,000 "
2021-01-12,Dean,Phillips,"US Congressman",ACN,"Accenture Plc",8000,Sell,"Traded $1,001 to $15,000 "
2021-01-12,Susie,Lee,"US Congressman",FI,"Fiserv Inc",8000,Sell,"Traded $1,001 to $15,000 ."
2021-01-12,Susie,Lee,"US Congressman",DRE,"Duke Realty Co",8000,Sell,"Traded $1,001 to $15,000 "
2021-01-12,Susie,Lee,"US Congressman",DLR,"Digital Realty",8000,Sell,"Traded $1,001 to $15,000 "
2021-01-12,Susie,Lee,"US Congressman",CACI,"Caci Internati",8000,Sell,"Traded $1,001 to $15,000 "
2021-01-12,Susie,Lee,"US Congressman",BLL,"Ball Corp",8000,Sell,"Traded $1,001 to $15,000 "
2021-01-12,Susie,Lee,"US Congressman",WCC,"Wesco Internat",8000,Buy,"Traded $1,001 to $15,000 "
2021-01-12,Diana,Harshbarger,"US Congressman",CVX,"Chevron Corp",8000,Buy,"By Spouse. Traded $1,001 To $15,000 "
2021-01-12,Susie,Lee,"US Congressman",WSM,Williams-Sonom,8000,Buy,"Traded $1,001 to $15,000 "
2021-01-12,Susie,Lee,"US Congressman",WRK,"Westrock Compa",8000,Buy,"Traded $1,001 to $15,000 "
2021-01-12,Susie,Lee,"US Congressman",GT,"Goodyear Tire ",8000,Buy,"Traded $1,001 to $15,000 "
2021-01-12,Susie,Lee,"US Congressman",HOUS,"Anywhere Real ",8000,Buy,"Traded $1,001 to $15,000 "
2021-01-12,Susie,Lee,"US Congressman",LESL,"Leslie's Inc",8000,Buy,"Traded $1,001 to $15,000 "
2021-01-12,Susie,Lee,"US Congressman",DFS,"Discover Finan",8000,Buy,"Traded $1,001 to $15,000 "
2021-01-12,Susie,Lee,"US Congressman",CHX,"Championx Corp",8000,Buy,"Traded $1,001 to $15,000 "
2021-01-12,Virginia,Foxx,"US Congressman",MO,"Altria Group",8000,Buy,"Traded $1,001 to $15,000 "
2021-01-12,Alan,Lowenthal,"US Congressman",JBI,"Janus Internat",626,Buy,"The Congressman Spouse Invested $625.68, We Have Used The Close Price On The Date Of Trade To Estimate The Number Of Shares."
2021-01-11,Mike,Kelly,"US Congressman",CLF,Cleveland-Clif,75000,Sell,"By Spouse. Traded $50,001 To $100,000 ."
2021-01-11,Thomas,Suozzi,"US Congressman",SOLO,Electrameccani,32500,Buy,"Traded $15,001 to $50,000 ."
2021-01-11,Marie,Newman,"US Congressman",DOCU,"Docusign Inc",32500,Buy,"By Spouse. Traded $15,001 to $50,000 ."
2021-01-11,Thomas,Carper,"US Senator",SH,"Short S&P500 -",24000,Sell,"By Spouse. Traded $3,001 To $45,000 "
2021-01-11,Thomas,Carper,"US Senator",PSQ,"Short QQQ -1X ",24000,Sell,"By Spouse. Traded $3,001 To $45,000 "
2021-01-11,Michael,Simpson,"US Congressman",BHP,"Bhp Billiton L",8000,Sell,"Traded $1,001 to $15,000 ."
2021-01-11,Michael,Simpson,"US Congressman",AUY,"Yamana Gold",8000,Sell,"Traded $1,001 to $15,000 "
2021-01-11,Michael,Simpson,"US Congressman",PDS,"Precision Dril",8000,Sell,"Traded $1,001 to $15,000 "
2021-01-11,Michael,Simpson,"US Congressman",NEM,"Newmont Mining",8000,Sell,"Traded $1,001 to $15,000 "
2021-01-11,Tomasz,Malinowski,"US Congressman",CDNA,"Caredx Inc",8000,Sell,"Traded $1,001 to $15,000 "
2021-01-11,Dean,Phillips,"US Congressman",CB,"Chubb Ltd",8000,Sell,"Traded $1,001 to $15,000 ."
2021-01-11,Dean,Phillips,"US Congressman",ACN,"Accenture Plc",8000,Sell,"Traded $1,001 to $15,000 "
2021-01-11,Rohit,Khanna,"US Congressman",RP,"Realpage Inc",8000,Sell,"By Dependent Child. Traded $1,001 to $15,000 ."
2021-01-11,Michael,Simpson,"US Congressman",MJDLF,"Major Drilling",8000,Sell,"Traded $1,001 to $15,000 "
2021-01-11,Michael,Simpson,"US Congressman",STOHF,"Statoil ASA",8000,Sell,"As ADR/ADS but shown as Ord equivalent. Traded $1,001 to $15,000 "
2021-01-11,Michael,Simpson,"US Congressman",CIG,"Comp En DE MN ",8000,Sell,"Traded $1,001 to $15,000 "
2021-01-11,Michael,Simpson,"US Congressman",GOLD,"Barrick Gold C",8000,Sell,"Traded $1,001 to $15,000 "
2021-01-11,Tomasz,Malinowski,"US Congressman",OSUR,"Orasure Tech I",8000,Sell,"Traded $1,001 to $15,000 "
2021-01-11,Tomasz,Malinowski,"US Congressman",DASH,"Doordash Inc C",8000,Sell,"Traded $1,001 to $15,000 "
2021-01-11,Tomasz,Malinowski,"US Congressman",BL,"Blackline Inc",8000,Sell,"Traded $1,001 to $15,000 "
2021-01-11,Thomas,Carper,"US Senator",CAG,"Conagra Brands",8000,Sell,"By Spouse. Traded $1,001 To $15,000 "
2021-01-11,Thomas,Carper,"US Senator",DDOG,"Datadog Inc Cl",8000,Sell,"By Spouse. Traded $1,001 To $15,000 "
2021-01-11,Thomas,Carper,"US Senator",MNDT,"Mandiant Inc",8000,Sell,"By Spouse. Traded $1,001 To $15,000 "
2021-01-11,John,Yarmuth,"US Congressman",ICE,Intercontinent,8000,Sell,"Traded $1,001 to $15,000 "
2021-01-11,Kevin,Hern,"US Congressman",FSKR,"FS KKR Capital",8000,"Div Re","Traded $1,001 to $15,000 ."
2021-01-11,Joshua,Gottheimer,"US Congressman",FMX,"Fomento Econom",8000,Buy,"Traded $1,001 to $15,000  As ADR/ADS but shown as Ord equivalent."
2021-01-11,Tomasz,Malinowski,"US Congressman",DMTK,"Dermtech Inc",8000,Buy,"Traded $1,001 to $15,000 "
2021-01-11,Marie,Newman,"US Congressman",TWTR,"Twitter Inc",8000,Buy,"By Spouse. Traded $1,001 To $15,000 ."
2021-01-11,Marie,Newman,"US Congressman",MET,"Metlife Inc",8000,Buy,"By Spouse. Traded $1,001 To $15,000 ."
2021-01-11,Marie,Newman,"US Congressman",DUK,"Duke Energy Co",8000,Buy,"By Spouse. Traded $1,001 To $15,000 ."
2021-01-11,Marie,Newman,"US Congressman",AAPL,"Apple Inc",8000,Buy,"By Spouse. Traded $1,001 to $15,000 ."
2021-01-11,Tomasz,Malinowski,"US Congressman",DMTK,"Dermtech Inc",8000,Buy,"Traded $1,001 to $15,000 "
2021-01-11,Joshua,Gottheimer,"US Congressman",CRM,"Salesforce Inc",8000,Buy,"Traded $1,001 to $15,000 "
2021-01-11,Joshua,Gottheimer,"US Congressman",REGN,"Regeneron Phar",8000,Buy,"Traded $1,001 to $15,000 "
2021-01-11,Joshua,Gottheimer,"US Congressman",MO,"Altria Group",8000,Buy,"Traded $1,001 to $15,000 "
2021-01-11,Kevin,Hern,"US Congressman",AIO,"Virtus Artific",8000,Buy,"Traded $1,001 to $15,000 "
2021-01-11,Susie,Lee,"US Congressman",WSM,Williams-Sonom,8000,Buy,"Traded $1,001 to $15,000 "
2021-01-11,Donald,Beyer,"US Congressman",MCO,"Moody's Corp",4145,Sell,"Price not reported"
2021-01-11,Donald,Beyer,"US Congressman",SPLK,"Splunk Inc",3330,Sell,"Price not reported."
2021-01-11,Donald,Beyer,"US Congressman",GS,"Goldman Sachs ",2938,Buy,"Price not reported. "
2021-01-11,Donald,Beyer,"US Congressman",NVDA,"Nvidia Corp",2725,Sell,"Price not reported"
2021-01-11,Donald,Beyer,"US Congressman",ASMLF,"Asml Hld NV Or",2524,Buy,"As ADR/ADS but shown as Ord equivalent. Price not reported."
2021-01-11,Donald,Beyer,"US Congressman",VZ,"Verizon Commun",1437,Sell,"Price not reported"
2021-01-11,Alan,Lowenthal,"US Congressman",JBI,"Janus Internat",11,Buy,"The Congressman Spouse Invested $11.44, We Have Used The Close Price On The Date Of Trade To Estimate The Number Of Shares."
2021-01-09,Marie,Newman,"US Congressman",BA,"Boeing Company",32500,Sell,"By Spouse. Traded $15,001 To $50,000 "
2021-01-09,Dean,Phillips,"US Congressman",ACN,"Accenture Plc",8000,Sell,"Traded $1,001 to $15,000 "
2021-01-08,Marie,Newman,"US Congressman",MRNA,"Moderna Inc",40501,Sell,"By Spouse. Traded $16,002 to $65,000 ."
2021-01-08,Tomasz,Malinowski,"US Congressman",AMRC,"Ameresco Inc",32500,Sell,"Traded $15,001 to $50,000 "
2021-01-08,Marie,Newman,"US Congressman",W,"Wayfair Inc",32500,Sell,"By Spouse. Traded $15,001 To $50,000 "
2021-01-08,Marie,Newman,"US Congressman",MCD,"McDonald's Cor",32500,Sell,"By Spouse. Traded $15,001 To $50,000 "
2021-01-08,Marie,Newman,"US Congressman",BBY,"Best Buy Compa",32500,Sell,"By Spouse. Traded $15,001 to $50,000 ."
2021-01-08,Dean,Phillips,"US Congressman",ACN,"Accenture Plc",16000,Sell,"Traded $2,001 To $30,000 "
2021-01-08,Alan,Lowenthal,"US Congressman",JBI,"Janus Internat",8046,Buy,"By Spouse. Traded $1,046 To $15,045 ."
2021-01-08,Diana,Harshbarger,"US Congressman",SPGI,"S&P Global Inc",8000,Sell,"Traded $1,001 to $15,000 "
2021-01-08,Tomasz,Malinowski,"US Congressman",CDNA,"Caredx Inc",8000,Sell,"Traded $1,001 to $15,000 "
2021-01-08,Dean,Phillips,"US Congressman",CB,"Chubb Ltd",8000,Sell,"Traded $1,001 to $15,000 ."
2021-01-08,Marie,Newman,"US Congressman",XOM,"Exxon Mobil Co",8000,Sell,"By Spouse. Traded $1,001 to $15,000 "
2021-01-08,Marie,Newman,"US Congressman",CHWY,"Chewy Inc",8000,Sell,"By Spouse. Traded $1,001 to $15,000 ."
2021-01-08,"William Francis",Hagerty,"US Senator",LMND,"Lemonade Inc",8000,Sell,"Traded $1,001 to $15,000 "
2021-01-08,Thomas,Carper,"US Senator",AJRD,"Aerojet Rocket",8000,Sell,"By Spouse. Traded $1,001 To $15,000 "
2021-01-08,Virginia,Foxx,"US Congressman",GLAXF,"Gsk Plc",8000,Buy,"Traded $1,001 to $15,000 ."
2021-01-08,Diana,Harshbarger,"US Congressman",LKQ,"LKQ Corp",8000,Buy,"Traded $1,001 to $15,000 ."
2021-01-08,Dean,Phillips,"US Congressman",ACGL,"Arch Capital G",8000,Buy,"Traded $1,001 to $15,000 ."
2021-01-08,"William Francis",Hagerty,"US Senator",VRM,"Vroom Inc",8000,Buy,"Traded $1,001 to $15,000 ."
2021-01-08,Virginia,Foxx,"US Congressman",OLP,"One Liberty Pr",8000,Buy,"Traded $1,001 to $15,000 "
2021-01-08,Susie,Lee,"US Congressman",SVC,"Service Proper",8000,Buy,"Traded $1,001 to $15,000 "
2021-01-08,Susie,Lee,"US Congressman",INFO,"IHS Markit Ltd",8000,Buy,"Traded $1,001 to $15,000 ."
2021-01-07,Peter,Meijer,"US Congressman",TIF,"Tiffany & Comp",32500,Sell,"Traded $15,001 to $50,000 "
2021-01-07,Thomas,Suozzi,"US Congressman",LAAOF,"Li Auto Inc",32500,Sell,"Traded $15,001 to $50,000 ."
2021-01-07,Mark,Green,"US Congressman",NGL,"Ngl Energy Par",32500,Buy,"Traded $15,001 to $50,000 "
2021-01-07,Diana,Harshbarger,"US Congressman",RTX,"Rtx Corp",32000,Sell,"By Director And Spouse. Traded $4,001 To $60,000 ."
2021-01-07,Diana,Harshbarger,"US Congressman",LKQ,"LKQ Corp",32000,Buy,"By Director And Spouse. Traded $4,001 To $60,000 ."
2021-01-07,Diana,Harshbarger,"US Congressman",CBRE,"CBRE Group Inc",16000,Sell,"By Director And Spouse. Traded $2,001 To $30,000 ."
2021-01-07,Richard,Larsen,"US Congressman",INTC,"Intel Corp",8000,Sell,"Traded $1,001 to $15,000 ."
2021-01-07,Richard,Larsen,"US Congressman",CVS,"CVS Corp",8000,Sell,"Traded $1,001 to $15,000 ."
2021-01-07,Diana,Harshbarger,"US Congressman",PGR,"Progressive Co",8000,Sell,"Traded $1,001 to $15,000 ."
2021-01-07,Diana,Harshbarger,"US Congressman",MSFT,"Microsoft Corp",8000,Sell,"By Spouse. Traded $1,001 to $15,000 ."
2021-01-07,Diana,Harshbarger,"US Congressman",CUBE,Cubesmart,8000,Sell,"By Spouse. Traded $1,001 to $15,000 ."
2021-01-07,Tomasz,Malinowski,"US Congressman",AMRC,"Ameresco Inc",8000,Sell,"Traded $1,001 to $15,000 "
2021-01-07,Dean,Phillips,"US Congressman",ACN,"Accenture Plc",8000,Sell,"Traded $1,001 to $15,000 "
2021-01-07,Diana,Harshbarger,"US Congressman",PG,"Procter & Gamb",8000,Buy,"Traded $1,001 to $15,000 ."
2021-01-07,Susie,Lee,"US Congressman",WCC,"Wesco Internat",8000,Buy,"Traded $1,001 to $15,000 "
2021-01-07,Susie,Lee,"US Congressman",HHH,"Howard Hughes ",8000,Buy,"Traded $1,001 to $15,000 ."
2021-01-07,Susie,Lee,"US Congressman",CHX,"Championx Corp",8000,Buy,"Traded $1,001 to $15,000 "
2021-01-06,Mark,Green,"US Congressman",AMZA,"Infracap MLP E",750000,Sell,"Traded $500,001 to $1,000,000 "
2021-01-06,Mark,Green,"US Congressman",NGL,"Ngl Energy Par",175000,Buy,"Traded $100,001 to $250,000 "
2021-01-06,Michael,Mccaul,"US Congressman",PAG,"Penske Automot",107501,Sell,"By Spouse & Dependent Child. Traded $65,002 To $150,000 ."
2021-01-06,Thomas,Tuberville,"US Senator",AA,"Alcoa Corp",65000,Buy,"Traded $30,001 To $100,000 "
2021-01-06,Thomas,Suozzi,"US Congressman",ZS,"Zscaler Inc",32500,Sell,"Traded $15,001 to $50,000 "
2021-01-06,Tomasz,Malinowski,"US Congressman",CDNA,"Caredx Inc",32500,Sell,"Traded $15,001 to $50,000 "
2021-01-06,Tomasz,Malinowski,"US Congressman",AMRC,"Ameresco Inc",32500,Sell,"Traded $15,001 to $50,000 "
2021-01-06,Diana,Harshbarger,"US Congressman",PGR,"Progressive Co",16000,Sell,"By Director And Spouse. Traded $2,001 To $30,000 ."
2021-01-06,Thomas,Tuberville,"US Senator",AA,"Alcoa Corp",16000,Sell,"Sale Of Put Options With Strike Price $22.00 And Expiry 01/21/2022 .Traded $2,001 To $30,000 As We Don't Have A Price We Have Stated An Amount Of 1 And Valued At The Midpoint."
2021-01-06,Walter,Schrader,"US Congressman",BABAF,"Alibaba Group ",8000,Sell,"Traded $1,001 to $15,000 ."
2021-01-06,Thomas,Tuberville,"US Senator",AA,"Alcoa Corp",8000,Sell,"Sale Of Call Options With At A Strike Price Of $26.00 And Expiry 07/16/2021.Traded $1,001 To $15,000 As We Don't Have A Price We Have Stated An Amount Of 1 And Valued At The Midpoint."
2021-01-06,Walter,Schrader,"US Congressman",TMO,"Thermo Fisher ",8000,Sell,"Traded $1,001 to $15,000 ."
2021-01-06,Walter,Schrader,"US Congressman",DHR,"Danaher Corp",8000,Sell,"Traded $1,001 to $15,000 ."
2021-01-06,Tomasz,Malinowski,"US Congressman",FIVN,"Five9 Inc",8000,Sell,"Traded $1,001 to $15,000 "
2021-01-06,Earl,Blumenauer,"US Congressman",FLEX,"Flextronics In",8000,Sell,"By Spouse. Traded $1,001 To $15,000 ."
2021-01-06,Lois,Frankel,"US Congressman",HON,"Honeywell Inte",8000,Sell,"Traded $1,001 to $15,000 "
2021-01-06,Susie,Lee,"US Congressman",CHNG,"Change Healthc",8000,Sell,"Traded $1,001 to $15,000 "
2021-01-06,Tomasz,Malinowski,"US Congressman",CNF,"Cnfinance Hold",8000,Buy,"Traded $1,001 to $15,000 "
2021-01-06,Walter,Schrader,"US Congressman",CTLT,"Catalent Inc",8000,Buy,"Traded $1,001 to $15,000 "
2021-01-05,Dean,Phillips,"US Congressman",IRM,"Iron Mountain ",32500,Buy,"Traded $1,001 to $15,000 ."
2021-01-05,Dean,Phillips,"US Congressman",ABT,"Abbott Laborat",16001,Buy,"Traded $2,002 To $30,000 "
2021-01-05,Diana,Harshbarger,"US Congressman",MGA,"Magna Internat",8000,Sell,"By Spouse. Traded $1,001 to $15,000 ."
2021-01-05,Thomas,Tuberville,"US Senator",META,"Meta Platforms",8000,Sell,"Sale Of Put Options With Strike Price $225.00 And Expiry 07/16/2021. Traded $1,001 To $15,000 , As We Don't Have A Price We Have Stated An Amount Of 1 And Valued At The Midpoint."
2021-01-05,Dean,Phillips,"US Congressman",DTE,"Dte Energy Com",8000,Sell,"Traded $1,001 to $15,000 "
2021-01-05,Dean,Phillips,"US Congressman",T,"AT&T Inc",8000,Sell,"Traded $1,001 to $15,000 "
2021-01-05,Dean,Phillips,"US Congressman",AAL,"American Airli",8000,Sell,"Traded $1,001 to $15,000 "
2021-01-05,Marie,Newman,"US Congressman",CCL,"Carnival Corp",8000,Sell,"By Spouse. Traded $1,001 To $15,000 ."
2021-01-05,Earl,Blumenauer,"US Congressman",FLEX,"Flextronics In",8000,Sell,"By Spouse. Traded $1,001 To $15,000 ."
2021-01-05,Lois,Frankel,"US Congressman",FLIR,"Flir Systems I",8000,Sell,"Traded $1,001 to $15,000 ."
2021-01-05,James,Inhofe,"US Senator",CRSP,"Crispr Therape",8000,Sell,"Traded $1,001 to $15,000 "
2021-01-05,Susie,Lee,"US Congressman",TMUS,"T-Mobile US",8000,Sell,"Traded $1,001 to $15,000 "
2021-01-05,Susie,Lee,"US Congressman",ECL,"Ecolab Inc",8000,Sell,"Traded $1,001 to $15,000 "
2021-01-05,Susie,Lee,"US Congressman",BIO,"Bio-Rad Labora",8000,Sell,"Traded $1,001 to $15,000 "
2021-01-05,Diana,Harshbarger,"US Congressman",AZO,Autozone,8000,Buy,"Traded $1,001 to $15,000 ."
2021-01-05,Diana,Harshbarger,"US Congressman",PG,"Procter & Gamb",8000,Buy,"By Spouse. Traded $1,001 to $15,000 ."
2021-01-05,Dean,Phillips,"US Congressman",TSLA,"Tesla Inc",8000,Buy,"Traded $1,001 to $15,000 "
2021-01-05,Dean,Phillips,"US Congressman",ES,"Eversource Ene",8000,Buy,"Traded $1,001 to $15,000 "
2021-01-05,Dean,Phillips,"US Congressman",ALXN,"Alexion Pharm ",8000,Buy,"Traded $1,001 to $15,000 ."
2021-01-05,Joshua,Gottheimer,"US Congressman",AZTA,"Azenta Inc",8000,Buy,"Traded $1,001 to $15,000 "
2021-01-05,Lois,Frankel,"US Congressman",EXPE,"Expedia Group ",8000,Buy,"Traded $1,001 to $15,000 "
2021-01-05,Susie,Lee,"US Congressman",CHX,"Championx Corp",8000,Buy,"Traded $1,001 to $15,000 "
2021-01-05,Susie,Lee,"US Congressman",AHCO,"Adapthealth Co",8000,Buy,"Traded $1,001 to $15,000 "
2021-01-05,Virginia,Foxx,"US Congressman",PPL,"PPL Corp",8000,Buy,"Traded $1,001 to $15,000 "
2021-01-04,Thomas,Tuberville,"US Senator",DG,"Dollar General",75000,Sell,"Traded $50,001 to $100,000 ."
2021-01-04,Thomas,Tuberville,"US Senator",WY,"Weyerhaeuser C",75000,Sell,"Traded $50,001 to $100,000 "
2021-01-04,Deborah,Ross,"US Congressman",SPY,"S&P 500 SPDR",75000,Buy,"By Spouse. Traded $50,001 To $100,000 ."
2021-01-04,Michael,Simpson,"US Congressman",QTEC,"Nasdaq 100 Tec",32500,Sell,"Traded $15,001 to $50,000 ."
2021-01-04,Marie,Newman,"US Congressman",ZM,"Zoom Video Com",32500,Sell,"By Spouse. Traded $15,001 to $50,000 ."
2021-01-04,Deborah,Ross,"US Congressman",XLB,"S&P 500 Materi",32500,Buy,"By Spouse. Traded $15,001 To $50,000 "
2021-01-04,Deborah,Ross,"US Congressman",XLF,"S&P 500 Financ",32500,Buy,"By Spouse. Traded $15,001 To $50,000 ."
2021-01-04,Deborah,Ross,"US Congressman",ORCL,"Oracle Corp",32500,Buy,"By Spouse. Traded $15,001 To $50,000 "
2021-01-04,Thomas,Tuberville,"US Senator",INTC,"Intel Corp",32000,Sell,"Sale Of Put Options With Strike Price $50.00 And Expiry 07/16/2021. Traded $4,001 To $60,000, As We Don't Have A Price We Have Stated An Amount Of 1 And Valued At The Midpoint."
2021-01-04,Thomas,Carper,"US Senator",SH,"Short S&P500 -",24000,Sell,"By Spouse. Traded $3,001 To $45,000 "
2021-01-04,Thomas,Carper,"US Senator",PSQ,"Short QQQ -1X ",24000,Buy,"By Spouse. Traded $3,001 To $45,000 "
2021-01-04,Diana,Harshbarger,"US Congressman",XLNX,"Xilinx Inc",16001,Sell,"By Director And Spouse. Traded $2,002 To $30,000 ."
2021-01-04,Diana,Harshbarger,"US Congressman",NUAN,"Nuance Communi",16001,Sell,"By Director And Spouse. Traded $2,002 To $30,000 "
2021-01-04,Diana,Harshbarger,"US Congressman",VRSK,"Verisk Analyti",16001,Sell,"By Director And Spouse. Traded $2,002 To $30,000 "
2021-01-04,Diana,Harshbarger,"US Congressman",TXN,"Texas Instrume",16001,Sell,"By Director And Spouse. Traded $2,002 To $30,000 ."
2021-01-04,Diana,Harshbarger,"US Congressman",AAPL,"Apple Inc",16000,Sell,"By Director And Spouse. Traded $2,002 To $30,000 ."
2021-01-04,Thomas,Tuberville,"US Senator",PYPL,"Paypal Holding",16000,Sell,"Sale Of Put Options With Strike Price $220.00 And 06/17/2022. Traded $2,001 To $30.000 As We Don't Have A Price We Have Stated An Amount Of 1 And Valued At The Midpoint."
2021-01-04,Diana,Harshbarger,"US Congressman",WFC,"Wells Fargo & ",16000,Buy,"By Director And Spouse. Traded $2,002 To $30,000 "
2021-01-04,Deborah,Ross,"US Congressman",MSFT,"Microsoft Corp",8000,Sell,"Traded $1,001 to $15,000 "
2021-01-04,Diana,Harshbarger,"US Congressman",SPGI,"S&P Global Inc",8000,Sell,"By Spouse. Traded $1,001 to $15,000 "
2021-01-04,Diana,Harshbarger,"US Congressman",WMT,"Walmart Inc",8000,Sell,"Traded $1,001 to $15,000 ."
2021-01-04,Marie,Newman,"US Congressman",FDX,"Fedex Corp",8000,Sell,"By Spouse. As We Don't Have A Price We Have Stated An Amount Of 1 And Valued At The Midpoint."
2021-01-04,Rohit,Khanna,"US Congressman",FDX,"Fedex Corp",8000,Sell,"By Spouse. Traded $1,001 To $15,000 ."
2021-01-04,Joshua,Gottheimer,"US Congressman",HCA,"Hca Holdings I",8000,Sell,"Traded $1,001 to $15,000 "
2021-01-04,Joshua,Gottheimer,"US Congressman",FDX,"Fedex Corp",8000,Sell,"Traded $1,001 to $15,000 ."
2021-01-04,Joshua,Gottheimer,"US Congressman",DE,"Deere & Compan",8000,Sell,"Traded $1,001 to $15,000 "
2021-01-04,Christopher,Jacobs,"US Congressman",WMT,"Walmart Inc",8000,Sell,"Traded $1,001 to $15,000 ."
2021-01-04,Christopher,Jacobs,"US Congressman",VFC,"V.F. Corp",8000,Sell,"Traded $1,001 to $15,000 "
2021-01-04,Christopher,Jacobs,"US Congressman",UNH,"Unitedhealth G",8000,Sell,"Traded $1,001 to $15,000 "
2021-01-04,Christopher,Jacobs,"US Congressman",TFC,"Truist Financi",8000,Sell,"Traded $1,001 to $15,000 ."
2021-01-04,Christopher,Jacobs,"US Congressman",STT,"State Street C",8000,Sell,"Traded $1,001 to $15,000 "
2021-01-04,Christopher,Jacobs,"US Congressman",SRNE,"Sorrento Thera",8000,Sell,"Traded $1,001 to $15,000 ."
2021-01-04,Christopher,Jacobs,"US Congressman",RSG,"Republic Servi",8000,Sell,"Traded $1,001 to $15,000 "
2021-01-04,Christopher,Jacobs,"US Congressman",RETA,"Reata Pharma",8000,Sell,"Traded $1,001 to $15,000 "
2021-01-04,Christopher,Jacobs,"US Congressman",PSA,"Public Storage",8000,Sell,"Traded $1,001 to $15,000 "
2021-01-04,Christopher,Jacobs,"US Congressman",PRU,"Prudential Fin",8000,Sell,"Traded $1,001 to $15,000 "
2021-01-04,Christopher,Jacobs,"US Congressman",PG,"Procter & Gamb",8000,Sell,"Traded $1,001 to $15,000 "
2021-01-04,Christopher,Jacobs,"US Congressman",MSI,"Motorola Solut",8000,Sell,"Traded $1,001 to $15,000 "
2021-01-04,Christopher,Jacobs,"US Congressman",MCD,"McDonald's Cor",8000,Sell,"Traded $1,001 to $15,000 "
2021-01-04,Christopher,Jacobs,"US Congressman",MTB,"M&T Bank Corp",8000,Sell,"Traded $1,001 to $15,000 "
2021-01-04,Christopher,Jacobs,"US Congressman",BBWI,"Bath & Body Wo",8000,Sell,"Traded $1,001 to $15,000 "
2021-01-04,Christopher,Jacobs,"US Congressman",JNJ,"Johnson & John",8000,Sell,"Traded $1,001 to $15,000 "
2021-01-04,Christopher,Jacobs,"US Congressman",IBM,"International ",8000,Sell,"Traded $1,001 to $15,000 "
2021-01-04,Christopher,Jacobs,"US Congressman",HRL,"Hormel Foods C",8000,Sell,"Traded $1,001 to $15,000 "
2021-01-04,Christopher,Jacobs,"US Congressman",F,"Ford Motor Com",8000,Sell,"Traded $1,001 to $15,000 "
2021-01-04,Christopher,Jacobs,"US Congressman",ECL,"Ecolab Inc",8000,Sell,"Traded $1,001 to $15,000 "
2021-01-04,Christopher,Jacobs,"US Congressman",COP,Conocophillips,8000,Sell,"Traded $1,001 to $15,000 "
2021-01-04,Christopher,Jacobs,"US Congressman",CMP,"Compass Minera",8000,Sell,"Traded $1,001 to $15,000 "
2021-01-04,Christopher,Jacobs,"US Congressman",CCEP,"Coca-Cola Euro",8000,Sell,"Traded $1,001 to $15,000 "
2021-01-04,Christopher,Jacobs,"US Congressman",BIIB,"Biogen Inc",8000,Sell,"Traded $1,001 to $15,000 ."
2021-01-04,Christopher,Jacobs,"US Congressman",BAC,"Bank of Americ",8000,Sell,"Traded $1,001 to $15,000 "
2021-01-04,Christopher,Jacobs,"US Congressman",ASMB,"Assembly Biosc",8000,Sell,"Traded $1,001 to $15,000 ."
2021-01-04,Christopher,Jacobs,"US Congressman",ARW,"Arrow Electron",8000,Sell,"Traded $1,001 to $15,000 "
2021-01-04,Christopher,Jacobs,"US Congressman",AAPL,"Apple Inc",8000,Sell,"Traded $1,001 to $15,000 ."
2021-01-04,Christopher,Jacobs,"US Congressman",GOOG,"Alphabet Cl C",8000,Sell,"Traded $1,001 to $15,000 "
2021-01-04,Tomasz,Malinowski,"US Congressman",CNF,"Cnfinance Hold",8000,Buy,"Traded $1,001 to $15,000 "
2021-01-04,Thomas,Tuberville,"US Senator",INTC,"Intel Corp",8000,Buy,"Purchase Of Put Options With Strike Price $50.00 And Expiry 07/16/2021. Traded $1,001 To $15.000, As We Don't Have A Price We Have Stated An Amount Of 1 And Valued At The Midpoint."
2021-01-04,Marie,Newman,"US Congressman",ZTNO,"Zoom Technolog",8000,Buy,"By Spouse. As We Don't Have A Price We Have Stated An Amount Of 1 And Valued At The Midpoint."
2021-01-04,Marie,Newman,"US Congressman",CHWY,"Chewy Inc",8000,Buy,"By Spouse. Traded $1,001 to $15,000 ."
"Downloaded from Barchart.com as of 05-11-2024 09:28pm CDT"
